<?xml version="1.0" encoding="utf-8" ?><dwsync><file name="content-about.php" server="ryanyates.com/RYANpublish/iode/" local="3420366800" remote="12010318892" /><file name="content-contact-thanks.php" server="ryanyates.com/RYANpublish/iode/" local="3420370161" remote="12010318892" /><file name="content-contact.php" server="ryanyates.com/RYANpublish/iode/" local="3420371078" remote="12010318892" /><file name="content-home.php" server="ryanyates.com/RYANpublish/iode/" local="3420383814" remote="12010318892" /><file name="content-services.php" server="ryanyates.com/RYANpublish/iode/" local="3420367933" remote="12010318892" /><file name="footer.php" server="ryanyates.com/RYANpublish/iode/" local="3420371399" remote="12010318892" /><file name="header.php" server="ryanyates.com/RYANpublish/iode/" local="3420384604" remote="16305286488" /><file name="process-contact.php" server="ryanyates.com/RYANpublish/iode/" local="3420384436" remote="16305286308" /></dwsync>