<?xml version="1.0" encoding="utf-8" ?><dwsync><file name="featured-lovefilm.jpg" server="ryanyates.com/RYANpublish/iode/" local="3420383752" remote="12010318832" /><file name="featured-openloopz.jpg" server="ryanyates.com/RYANpublish/iode/" local="3420383429" remote="12010318832" /><file name="featured-vfest.jpg" server="ryanyates.com/RYANpublish/iode/" local="3420105133" remote="12010318832" /><file name="home-platforms.gif" server="ryanyates.com/RYANpublish/iode/" local="3420100849" remote="12010318832" /><file name="iode-logo.gif" server="ryanyates.com/RYANpublish/iode/" local="3420100796" remote="12010318832" /><file name="services-platforms.gif" server="ryanyates.com/RYANpublish/iode/" local="3420367256" remote="12010318832" /><file name="team-pd.jpg" server="ryanyates.com/RYANpublish/iode/" local="3420366343" remote="12010318832" /><file name="twitter.gif" server="ryanyates.com/RYANpublish/iode/" local="3420107215" remote="12010318832" /></dwsync>