<?xml version="1.0" encoding="utf-8" ?><dwsync><file name="about.php" server="ryanyates.com/RYANpublish/iode/" local="3420366044" remote="16305286128" /><file name="contact-thanks.php" server="ryanyates.com/RYANpublish/iode/" local="3420370035" remote="16305286128" /><file name="contact.php" server="ryanyates.com/RYANpublish/iode/" local="3420370351" remote="16305286128" /><file name="favicon-ios-114.png" server="ryanyates.com/RYANpublish/iode/" local="3420382464" remote="16305286128" /><file name="favicon-ios-57.png" server="ryanyates.com/RYANpublish/iode/" local="3420382514" remote="16305286128" /><file name="favicon-ios-72.png" server="ryanyates.com/RYANpublish/iode/" local="3420382490" remote="16305286128" /><file name="favicon.ico" server="ryanyates.com/RYANpublish/iode/" local="3420382947" remote="16305286128" /><file name="index.php" server="ryanyates.com/RYANpublish/iode/" local="3420365077" remote="16305286188" /><file name="services.php" server="ryanyates.com/RYANpublish/iode/" local="3420366938" remote="16305286188" /></dwsync>