<?xml version="1.0" encoding="utf-8" ?><dwsync><file name="demo.html" server="ryanyates.com/RYANpublish/iode/" local="3420081166" remote="12010318832" /><file name="Lato-Bla-webfont.eot" server="ryanyates.com/RYANpublish/iode/" local="3416291596" remote="12010318832" /><file name="Lato-Bla-webfont.svg" server="ryanyates.com/RYANpublish/iode/" local="3416291596" remote="12010318832" /><file name="Lato-Bla-webfont.ttf" server="ryanyates.com/RYANpublish/iode/" local="3416291596" remote="12010318832" /><file name="Lato-Bla-webfont.woff" server="ryanyates.com/RYANpublish/iode/" local="3416291596" remote="12010318832" /><file name="Lato-BlaIta-webfont.eot" server="ryanyates.com/RYANpublish/iode/" local="3416291676" remote="12010318832" /><file name="Lato-BlaIta-webfont.svg" server="ryanyates.com/RYANpublish/iode/" local="3416291676" remote="12010318832" /><file name="Lato-BlaIta-webfont.ttf" server="ryanyates.com/RYANpublish/iode/" local="3416291676" remote="12010318832" /><file name="Lato-BlaIta-webfont.woff" server="ryanyates.com/RYANpublish/iode/" local="3416291676" remote="12010318832" /><file name="Lato-Bol-webfont.eot" server="ryanyates.com/RYANpublish/iode/" local="3416291758" remote="12010318832" /><file name="Lato-Bol-webfont.svg" server="ryanyates.com/RYANpublish/iode/" local="3416291758" remote="12010318832" /><file name="Lato-Bol-webfont.ttf" server="ryanyates.com/RYANpublish/iode/" local="3416291758" remote="12010318832" /><file name="Lato-Bol-webfont.woff" server="ryanyates.com/RYANpublish/iode/" local="3416291758" remote="12010318832" /><file name="Lato-BolIta-webfont.eot" server="ryanyates.com/RYANpublish/iode/" local="3416291838" remote="12010318832" /><file name="Lato-BolIta-webfont.svg" server="ryanyates.com/RYANpublish/iode/" local="3416291838" remote="12010318832" /><file name="Lato-BolIta-webfont.ttf" server="ryanyates.com/RYANpublish/iode/" local="3416291838" remote="12010318832" /><file name="Lato-BolIta-webfont.woff" server="ryanyates.com/RYANpublish/iode/" local="3416291838" remote="12010318832" /><file name="Lato-Hai-webfont.eot" server="ryanyates.com/RYANpublish/iode/" local="3416292030" remote="12010318832" /><file name="Lato-Hai-webfont.svg" server="ryanyates.com/RYANpublish/iode/" local="3416292030" remote="12010318832" /><file name="Lato-Hai-webfont.ttf" server="ryanyates.com/RYANpublish/iode/" local="3416292030" remote="12010318832" /><file name="Lato-Hai-webfont.woff" server="ryanyates.com/RYANpublish/iode/" local="3416292030" remote="12010318832" /><file name="Lato-HaiIta-webfont.eot" server="ryanyates.com/RYANpublish/iode/" local="3416291940" remote="12010318832" /><file name="Lato-HaiIta-webfont.svg" server="ryanyates.com/RYANpublish/iode/" local="3416291940" remote="12010318832" /><file name="Lato-HaiIta-webfont.ttf" server="ryanyates.com/RYANpublish/iode/" local="3416291940" remote="12010318832" /><file name="Lato-HaiIta-webfont.woff" server="ryanyates.com/RYANpublish/iode/" local="3416291940" remote="12010318832" /><file name="Lato-Lig-webfont.eot" server="ryanyates.com/RYANpublish/iode/" local="3416292116" remote="12010318832" /><file name="Lato-Lig-webfont.svg" server="ryanyates.com/RYANpublish/iode/" local="3416292116" remote="12010318832" /><file name="Lato-Lig-webfont.ttf" server="ryanyates.com/RYANpublish/iode/" local="3416292116" remote="12010318832" /><file name="Lato-Lig-webfont.woff" server="ryanyates.com/RYANpublish/iode/" local="3416292116" remote="12010318832" /><file name="Lato-LigIta-webfont.eot" server="ryanyates.com/RYANpublish/iode/" local="3416292200" remote="12010318832" /><file name="Lato-LigIta-webfont.svg" server="ryanyates.com/RYANpublish/iode/" local="3416292200" remote="12010318832" /><file name="Lato-LigIta-webfont.ttf" server="ryanyates.com/RYANpublish/iode/" local="3416292200" remote="12010318832" /><file name="Lato-LigIta-webfont.woff" server="ryanyates.com/RYANpublish/iode/" local="3416292200" remote="12010318832" /><file name="Lato-Reg-webfont.eot" server="ryanyates.com/RYANpublish/iode/" local="3416292370" remote="12010318832" /><file name="Lato-Reg-webfont.svg" server="ryanyates.com/RYANpublish/iode/" local="3416292370" remote="12010318832" /><file name="Lato-Reg-webfont.ttf" server="ryanyates.com/RYANpublish/iode/" local="3416292370" remote="12010318832" /><file name="Lato-Reg-webfont.woff" server="ryanyates.com/RYANpublish/iode/" local="3416292370" remote="12010318832" /><file name="Lato-RegIta-webfont.eot" server="ryanyates.com/RYANpublish/iode/" local="3416292286" remote="12010318832" /><file name="Lato-RegIta-webfont.svg" server="ryanyates.com/RYANpublish/iode/" local="3416292286" remote="12010318832" /><file name="Lato-RegIta-webfont.ttf" server="ryanyates.com/RYANpublish/iode/" local="3416292286" remote="12010318832" /><file name="Lato-RegIta-webfont.woff" server="ryanyates.com/RYANpublish/iode/" local="3416292286" remote="12010318832" /><file name="SIL Open Font License 1.1.txt" server="ryanyates.com/RYANpublish/iode/" local="3420081166" remote="12010318832" /><file name="stylesheet.css" server="ryanyates.com/RYANpublish/iode/" local="3420081166" remote="12010318832" /></dwsync>