<?xml version="1.0" encoding="utf-8" ?><dwsync><file name="extending.html" server="89.234.1.191/httpdocs/" local="3333083640" remote="1422639183476478456" /><file name="faq.html" server="89.234.1.191/httpdocs/" local="3333083640" remote="1422639183476478456" /><file name="timeoutfix.diff" server="89.234.1.191/httpdocs/" local="3333083640" remote="1422639183476478456" /><file name="extending.html" server="ftp.chilternhillsheartclinic.com/htdocs/dev/" local="3333083640" remote="63472573484" /><file name="faq.html" server="ftp.chilternhillsheartclinic.com/htdocs/dev/" local="3333083640" remote="37702769708" /><file name="timeoutfix.diff" server="ftp.chilternhillsheartclinic.com/htdocs/dev/" local="3333083640" remote="67767540780" /><file name="extending.html" server="213.171.193.5/htdocs/" local="3333083640" remote="63475810964" /><file name="faq.html" server="213.171.193.5/htdocs/" local="3333083640" remote="37706007188" /><file name="timeoutfix.diff" server="213.171.193.5/htdocs/" local="3333083640" remote="67770778260" /><file name="extending.html" server="ftp.dorset-ortho.com/dorset_dev/" local="3333083640" remote="63476149544" /><file name="faq.html" server="ftp.dorset-ortho.com/dorset_dev/" local="3333083640" remote="37706345768" /><file name="timeoutfix.diff" server="ftp.dorset-ortho.com/dorset_dev/" local="3333083640" remote="67771116840" /><file name="extending.html" server="ftp.nutestarea.co.uk/activecarepartnership.com/_dev/" local="3333083640" remote="63499656584" /><file name="faq.html" server="ftp.nutestarea.co.uk/activecarepartnership.com/_dev/" local="3333083640" remote="37729852808" /><file name="timeoutfix.diff" server="ftp.nutestarea.co.uk/activecarepartnership.com/_dev/" local="3333083640" remote="67794623880" /><file name="extending.html" server="213.171.193.5/htdocs/dev/" local="3333083640" remote="63502906064" /><file name="faq.html" server="213.171.193.5/htdocs/dev/" local="3333083640" remote="37733102288" /><file name="timeoutfix.diff" server="213.171.193.5/htdocs/dev/" local="3333083640" remote="67797873360" /><file name="extending.html" server="ryanyates.com/RYANpublish/iode/" local="3420370281" remote="12010318892" /><file name="faq.html" server="ryanyates.com/RYANpublish/iode/" local="3420370281" remote="12010318892" /><file name="timeoutfix.diff" server="ryanyates.com/RYANpublish/iode/" local="3420370281" remote="12010318892" /></dwsync>